Feature,Importance
EXT_SOURCE_MEAN,12.416783253642299
inst_num_early,3.122566728634758
prev_avg_prev_annuity,2.712252703049013
AMT_ANNUITY,2.486836959750045
CREDIT_GOODS_RATIO,2.457320434464273
EXT_SOURCE_1,2.4338333342508425
EXT_SOURCE_MIN,2.4126011733540365
AMT_GOODS_PRICE,2.3925940246621487
EXT_SOURCE_3,2.1352563980549384
inst_pct_late,2.118476908819033
prev_max_prev_credit,2.095466701515523
DAYS_BIRTH,2.084573904804093
AGE_YEARS,1.9029947303720636
bureau_max_days_credit,1.7293837232332119
EXT_SOURCE_PRODUCT,1.5952443575351642
prev_avg_down_payment,1.530771840115742
EXT_SOURCE_MAX,1.475497154400631
cc_max_utilization,1.424310561308833
DAYS_ID_PUBLISH,1.400423920930698
prev_refusal_rate,1.369603486592367
AMT_CREDIT,1.3628466852244518
DAYS_LAST_PHONE_CHANGE,1.314139718267038
NAME_EDUCATION_TYPE_Higher education,1.3040759747614001
bureau_mean_debt,1.3020061383770065
inst_max_delay,1.2659763204261514
CODE_GENDER_M,1.259652692186576
EMPLOYED_YEARS,1.2198568371434444
bureau_active_credit_count,1.1823538853359503
CREDIT_INCOME_RATIO,1.1416837853220743
prev_avg_prev_credit,1.0659577460558236
bureau_max_credit_sum,1.0314212456508158
bureau_mean_credit_sum,1.0298438445783298
ANNUITY_INCOME_RATIO,0.99291790844671
NAME_INCOME_TYPE_FREQ,0.9908551398098702
DAYS_EMPLOYED,0.9861849818601199
NAME_FAMILY_STATUS_FREQ,0.9707156400744589
cc_avg_credit_limit,0.9611476151801445
cc_avg_drawings,0.9542255961561541
REGION_POPULATION_RELATIVE,0.9338117694106071
OWN_CAR_AGE,0.8753405221374593
DAYS_REGISTRATION,0.863989871707801
bureau_total_credit_sum,0.8165163051803848
EXT_SOURCE_2,0.8041719831922984
CODE_GENDER_F,0.7779662435501122
bureau_mean_days_credit,0.7770741654841764
REGION_RATING_CLIENT_W_CITY,0.7465564621436866
ORGANIZATION_TYPE_FREQ,0.734356503399688
bureau_closed_credit_count,0.714227122825016
cc_avg_utilization,0.677252888329055
inst_num_ontime,0.6480178677517535
bureau_total_debt,0.6268529450749891
bureau_max_debt,0.6024779070259987
inst_pct_early,0.5913558134677912
FLAG_DOCUMENT_3,0.5802776437050897
prev_approval_rate,0.5385353595474666
prev_num_approved,0.5370719972062369
FLAG_WORK_PHONE,0.5122045298475575
NAME_EDUCATION_TYPE_Secondary / secondary special,0.4782478316760855
WALLSMATERIAL_MODE_FREQ,0.446042702515239
FLAG_OWN_CAR_N,0.43166934521797173
DEF_60_CNT_SOCIAL_CIRCLE,0.42491094165372234
inst_avg_delay,0.41645708758433303
REG_CITY_NOT_LIVE_CITY,0.37349810760706703
WEEKDAY_APPR_PROCESS_START_FREQ,0.37205305431712077
AMT_REQ_CREDIT_BUREAU_QRT,0.3712236171683041
EXT_SOURCE_COUNT_AVAILABLE,0.3605825757074751
INCOME_PER_PERSON,0.35851482428833703
inst_pct_ontime,0.35159342949942324
AMT_INCOME_TOTAL,0.34898813746114116
inst_num_late,0.34109221505604587
DEF_30_CNT_SOCIAL_CIRCLE,0.32176299767749567
HOUR_APPR_PROCESS_START,0.3182214196405802
OCCUPATION_TYPE_FREQ,0.2625699550151628
FLAG_DOCUMENT_16,0.26144667816406997
FLAG_DOCUMENT_18,0.2546678125480302
NAME_CONTRACT_TYPE_Cash loans,0.24409217438938124
cc_avg_balance,0.24093107585058285
NAME_HOUSING_TYPE_FREQ,0.23856949215257528
prev_num_prev_apps,0.23242537920723594
NONLIVINGAREA_MODE,0.22586142424398073
YEARS_BEGINEXPLUATATION_MEDI,0.2190857380227992
cc_max_balance,0.21815347249002168
bureau_count,0.20603613454743797
inst_median_delay,0.20519675794138448
FLAG_OWN_CAR_Y,0.19111792230727903
COMMONAREA_MODE,0.1837346958990433
OBS_60_CNT_SOCIAL_CIRCLE,0.18155473024081503
FLAG_DOCUMENT_13,0.16519095906161066
APARTMENTS_MODE,0.1633267729346193
APARTMENTS_AVG,0.1622993224110891
FLAG_EMP_PHONE,0.1584233403505159
BASEMENTAREA_AVG,0.15646714059412706
NAME_CONTRACT_TYPE_Revolving loans,0.15462634996286692
APARTMENTS_MEDI,0.15407212739988901
FLOORSMAX_MODE,0.15183725060668193
NONLIVINGAPARTMENTS_AVG,0.13666730616165632
YEARS_BEGINEXPLUATATION_MODE,0.129265146894752
bureau_max_overdue,0.12251846023067059
BASEMENTAREA_MEDI,0.12210930717240154
OBS_30_CNT_SOCIAL_CIRCLE,0.1215787885089697
LANDAREA_AVG,0.1215589210493866
EXT_SOURCE_STD,0.1206867201834482
LANDAREA_MODE,0.11914573489108543
REGION_RATING_CLIENT,0.11869734650136372
NONLIVINGAREA_MEDI,0.10903322328812158
prev_num_canceled,0.10685923082965096
COMMONAREA_MEDI,0.10233034012235752
NAME_EDUCATION_TYPE_Lower secondary,0.1015266025667389
cc_avg_payment,0.0959844568275676
LIVINGAREA_AVG,0.09510302488967598
YEARS_BEGINEXPLUATATION_AVG,0.09339622082116023
ELEVATORS_AVG,0.09323096037944416
FLOORSMAX_AVG,0.0930511614668581
NAME_EDUCATION_TYPE_Incomplete higher,0.09153493800308489
CNT_FAM_MEMBERS,0.09044720281859885
ELEVATORS_MEDI,0.09008107562899548
LIVINGAREA_MEDI,0.08924899483790712
prev_num_refused,0.08838261301853075
COMMONAREA_AVG,0.08822218294896164
TOTALAREA_MODE,0.08784222502477648
ENTRANCES_AVG,0.08749405092931961
YEARS_BUILD_MEDI,0.08671263278863008
FLOORSMIN_MODE,0.08518823042189336
bureau_total_overdue,0.08443932015127471
ELEVATORS_MODE,0.08374594282166967
FLAG_DOCUMENT_11,0.08072051499173422
AMT_REQ_CREDIT_BUREAU_YEAR,0.07962491070786609
ENTRANCES_MODE,0.07936193935181762
FLAG_PHONE,0.07876394672739352
NAME_TYPE_SUITE_FREQ,0.07412479617152704
AMT_REQ_CREDIT_BUREAU_HOUR,0.07115091003258456
BASEMENTAREA_MODE,0.0693658319060755
NONLIVINGAREA_AVG,0.06808130846008846
LIVINGAPARTMENTS_MODE,0.065746013888531
bureau_bad_debt_count,0.06112883260656033
LIVINGAREA_MODE,0.05760284795514402
YEARS_BUILD_MODE,0.052152660827210144
bureau_mean_overdue,0.05198769948545207
NONLIVINGAPARTMENTS_MODE,0.05159947152381165
FLOORSMAX_MEDI,0.05127925649106322
AMT_REQ_CREDIT_BUREAU_WEEK,0.049511827100770324
LIVINGAPARTMENTS_MEDI,0.042957215775088944
AMT_REQ_CREDIT_BUREAU_DAY,0.04242729885011221
NONLIVINGAPARTMENTS_MEDI,0.041065279905514035
FLOORSMIN_AVG,0.040801136066722275
CNT_CHILDREN,0.03956454541100272
LIVINGAPARTMENTS_AVG,0.037490163570897704
FLAG_DOCUMENT_15,0.03609367216675506
NAME_EDUCATION_TYPE_Academic degree,0.03406519524967063
REG_REGION_NOT_LIVE_REGION,0.03262568502508193
AMT_REQ_CREDIT_BUREAU_MON,0.03202745314895571
FLAG_DOCUMENT_14,0.032016504655037685
LANDAREA_MEDI,0.030895100923925233
YEARS_BUILD_AVG,0.023962257917164963
FLAG_DOCUMENT_6,0.023235995848223154
HOUSETYPE_MODE_block of flats,0.019447527400134765
bureau_sold_credit_count,0.016724449574415972
LIVE_REGION_NOT_WORK_REGION,0.014556465523247544
EMERGENCYSTATE_MODE_No,0.013664261782616335
EMERGENCYSTATE_MODE_Unknown,0.010837712053998656
REG_CITY_NOT_WORK_CITY,0.0
ENTRANCES_MEDI,0.0
REG_REGION_NOT_WORK_REGION,0.0
FLAG_MOBIL,0.0
FLAG_CONT_MOBILE,0.0
FLAG_EMAIL,0.0
LIVE_CITY_NOT_WORK_CITY,0.0
FLAG_DOCUMENT_4,0.0
FLAG_DOCUMENT_2,0.0
FLAG_DOCUMENT_12,0.0
FLAG_DOCUMENT_10,0.0
FLAG_DOCUMENT_19,0.0
FLAG_DOCUMENT_20,0.0
FLAG_DOCUMENT_5,0.0
FLAG_DOCUMENT_17,0.0
FLOORSMIN_MEDI,0.0
FLAG_DOCUMENT_7,0.0
DAYS_EMPLOYED_ANOM,0.0
FLAG_DOCUMENT_21,0.0
FLAG_DOCUMENT_9,0.0
FLAG_DOCUMENT_8,0.0
FLAG_OWN_REALTY_N,0.0
CODE_GENDER_XNA,0.0
FLAG_OWN_REALTY_Y,0.0
FONDKAPREMONT_MODE_Unknown,0.0
FONDKAPREMONT_MODE_reg oper account,0.0
FONDKAPREMONT_MODE_org spec account,0.0
FONDKAPREMONT_MODE_not specified,0.0
EMERGENCYSTATE_MODE_Yes,0.0
FONDKAPREMONT_MODE_reg oper spec account,0.0
HOUSETYPE_MODE_terraced house,0.0
HOUSETYPE_MODE_Unknown,0.0
HOUSETYPE_MODE_specific housing,0.0
